{"sources":[{"prev_ver":520093698,"name":"Blackjack-Background","uuid":"84833f2d-8adb-40d4-95b2-b4f4973116da","id":"image_source","versioned_id":"image_source","settings":{"file":"C:/Users/milia/Pictures/Social Media/Stream Stuff/Overlays/blackjackbackground.png"},"mixers":0,"sync":0,"flags":0,"volume":1.0,"balance":0.5,"enabled":true,"muted":false,"push-to-mute":false,"push-to-mute-delay":0,"push-to-talk":false,"push-to-talk-delay":0,"hotkeys":{},"deinterlace_mode":0,"deinterlace_field_order":0,"monitoring_type":0,"private_settings":{}},{"prev_ver":520093698,"name":"Blackjack-Overlay","uuid":"d4c923e8-c216-4b6d-8cb8-c0e4f3c2a928","id":"image_source","versioned_id":"image_source","settings":{"file":"C:/Users/milia/Pictures/Social Media/Stream Stuff/Overlays/blackjack-red-yellow-square-box-complete-for-printing-and-website-Black-cutout.png"},"mixers":0,"sync":0,"flags":0,"volume":1.0,"balance":0.5,"enabled":true,"muted":false,"push-to-mute":false,"push-to-mute-delay":0,"push-to-talk":false,"push-to-talk-delay":0,"hotkeys":{},"deinterlace_mode":0,"deinterlace_field_order":0,"monitoring_type":0,"private_settings":{}},{"prev_ver":520093698,"name":"Blackjack - Cards","uuid":"a5f8b608-8eb5-4b9a-9770-0faaf102bed2","id":"browser_source","versioned_id":"browser_source","settings":{"is_local_file":false,"local_file":"C:/Streamer.bot/blackjack_overlay.html","url":"file:///C:/Streamer.bot/blackjack_overlay.html","width":1920,"height":1080,"fps":30,"fps_custom":true,"css":""},"mixers":255,"sync":0,"flags":0,"volume":1.0,"balance":0.5,"enabled":true,"muted":false,"push-to-mute":false,"push-to-mute-delay":0,"push-to-talk":false,"push-to-talk-delay":0,"hotkeys":{"libobs.mute":[],"libobs.unmute":[],"libobs.push-to-mute":[],"libobs.push-to-talk":[],"ObsBrowser.Refresh":[]},"deinterlace_mode":0,"deinterlace_field_order":0,"monitoring_type":0,"private_settings":{}},{"prev_ver":520093698,"name":"Blackjack - Game","uuid":"18a98527-dfd4-4d74-b86a-f405ddc04d6e","id":"scene","versioned_id":"scene","settings":{"id_counter":3,"custom_size":false,"items":[{"name":"Blackjack-Background","source_uuid":"84833f2d-8adb-40d4-95b2-b4f4973116da","visible":true,"locked":true,"rot":0.0,"scale_ref":{"x":1920.0,"y":1080.0},"align":5,"bounds_type":0,"bounds_align":0,"bounds_crop":false,"crop_left":0,"crop_top":0,"crop_right":0,"crop_bottom":0,"id":3,"group_item_backup":false,"pos":{"x":0.0,"y":0.0},"pos_rel":{"x":-1.7777777910232544,"y":-1.0},"scale":{"x":0.5,"y":0.5},"scale_rel":{"x":0.5,"y":0.5},"bounds":{"x":0.0,"y":0.0},"bounds_rel":{"x":0.0,"y":0.0},"scale_filter":"disable","blend_method":"default","blend_type":"normal","show_transition":{"duration":0},"hide_transition":{"duration":0},"private_settings":{}},{"name":"Blackjack-Overlay","source_uuid":"d4c923e8-c216-4b6d-8cb8-c0e4f3c2a928","visible":true,"locked":true,"rot":0.0,"scale_ref":{"x":1920.0,"y":1080.0},"align":5,"bounds_type":0,"bounds_align":0,"bounds_crop":false,"crop_left":0,"crop_top":0,"crop_right":0,"crop_bottom":0,"id":2,"group_item_backup":false,"pos":{"x":89.0,"y":234.5},"pos_rel":{"x":-1.6129629611968994,"y":-0.56574070453643799},"scale":{"x":2.8279221057891846,"y":2.8287036418914795},"scale_rel":{"x":2.8279221057891846,"y":2.8287036418914795},"bounds":{"x":0.0,"y":0.0},"bounds_rel":{"x":0.0,"y":0.0},"scale_filter":"disable","blend_method":"default","blend_type":"normal","show_transition":{"duration":0},"hide_transition":{"duration":0},"private_settings":{}},{"name":"Blackjack - Cards","source_uuid":"a5f8b608-8eb5-4b9a-9770-0faaf102bed2","visible":true,"locked":true,"rot":0.0,"scale_ref":{"x":1920.0,"y":1080.0},"align":5,"bounds_type":0,"bounds_align":0,"bounds_crop":false,"crop_left":0,"crop_top":0,"crop_right":0,"crop_bottom":0,"id":1,"group_item_backup":false,"pos":{"x":0.0,"y":0.0},"pos_rel":{"x":-1.7777777910232544,"y":-1.0},"scale":{"x":1.0,"y":1.0},"scale_rel":{"x":1.0,"y":1.0},"bounds":{"x":0.0,"y":0.0},"bounds_rel":{"x":0.0,"y":0.0},"scale_filter":"disable","blend_method":"default","blend_type":"normal","show_transition":{"duration":0},"hide_transition":{"duration":0},"private_settings":{}}]},"mixers":0,"sync":0,"flags":0,"volume":1.0,"balance":0.5,"enabled":true,"muted":false,"push-to-mute":false,"push-to-mute-delay":0,"push-to-talk":false,"push-to-talk-delay":0,"hotkeys":{"OBSBasic.SelectScene":[],"libobs.show_scene_item.1":[],"libobs.hide_scene_item.1":[],"libobs.show_scene_item.2":[],"libobs.hide_scene_item.2":[],"libobs.show_scene_item.3":[],"libobs.hide_scene_item.3":[]},"deinterlace_mode":0,"deinterlace_field_order":0,"monitoring_type":0,"private_settings":{}}]}