{"sources":[{"prev_ver":520093698,"name":"Blackjack-Background","uuid":"7466b424-a669-4f7d-ab4f-3dc7e08ae78e","id":"image_source","versioned_id":"image_source","settings":{"file":"C:/Users/milia/Pictures/Social Media/Stream Stuff/Overlays/blackjackbackground.png"},"mixers":0,"sync":0,"flags":0,"volume":1.0,"balance":0.5,"enabled":true,"muted":false,"push-to-mute":false,"push-to-mute-delay":0,"push-to-talk":false,"push-to-talk-delay":0,"hotkeys":{},"deinterlace_mode":0,"deinterlace_field_order":0,"monitoring_type":0,"private_settings":{}},{"prev_ver":520093698,"name":"Blackjack-Overlay","uuid":"c36b6816-5f51-4c42-9b66-61772458edf9","id":"image_source","versioned_id":"image_source","settings":{"file":"C:/Users/milia/Pictures/Social Media/Stream Stuff/Overlays/blackjack-red-yellow-square-box-complete-for-printing-and-website-Black-cutout.png"},"mixers":0,"sync":0,"flags":0,"volume":1.0,"balance":0.5,"enabled":true,"muted":false,"push-to-mute":false,"push-to-mute-delay":0,"push-to-talk":false,"push-to-talk-delay":0,"hotkeys":{},"deinterlace_mode":0,"deinterlace_field_order":0,"monitoring_type":0,"private_settings":{}},{"prev_ver":520093698,"name":"Blackjack - Cards","uuid":"a5f8b608-8eb5-4b9a-9770-0faaf102bed2","id":"browser_source","versioned_id":"browser_source","settings":{"is_local_file":false,"local_file":"C:/Streamer.bot/blackjack_overlay.html","url":"file:///C:/Streamer.bot/blackjack_overlay.html","width":1920,"height":1080,"fps":30,"fps_custom":true,"css":""},"mixers":255,"sync":0,"flags":0,"volume":1.0,"balance":0.5,"enabled":true,"muted":false,"push-to-mute":false,"push-to-mute-delay":0,"push-to-talk":false,"push-to-talk-delay":0,"hotkeys":{"libobs.mute":[],"libobs.unmute":[],"libobs.push-to-mute":[],"libobs.push-to-talk":[],"ObsBrowser.Refresh":[]},"deinterlace_mode":0,"deinterlace_field_order":0,"monitoring_type":0,"private_settings":{}},{"prev_ver":520093698,"name":"Blackjack","uuid":"5beeca1d-111d-40af-b7c1-050a817735eb","id":"scene","versioned_id":"scene","settings":{"custom_size":false,"id_counter":13,"items":[{"name":"Blackjack-Background","source_uuid":"7466b424-a669-4f7d-ab4f-3dc7e08ae78e","visible":true,"locked":true,"rot":0.0,"scale_ref":{"x":1920.0,"y":1080.0},"align":5,"bounds_type":0,"bounds_align":0,"bounds_crop":false,"crop_left":0,"crop_top":0,"crop_right":0,"crop_bottom":0,"id":3,"group_item_backup":false,"pos":{"x":0.0,"y":0.0},"pos_rel":{"x":-1.7777777910232544,"y":-1.0},"scale":{"x":0.5,"y":0.5},"scale_rel":{"x":0.5,"y":0.5},"bounds":{"x":0.0,"y":0.0},"bounds_rel":{"x":0.0,"y":0.0},"scale_filter":"disable","blend_method":"default","blend_type":"normal","show_transition":{"duration":0},"hide_transition":{"duration":0},"private_settings":{}},{"name":"Blackjack-Overlay","source_uuid":"c36b6816-5f51-4c42-9b66-61772458edf9","visible":true,"locked":true,"rot":0.0,"scale_ref":{"x":1920.0,"y":1080.0},"align":5,"bounds_type":0,"bounds_align":0,"bounds_crop":false,"crop_left":0,"crop_top":0,"crop_right":0,"crop_bottom":0,"id":13,"group_item_backup":false,"pos":{"x":89.0,"y":234.5},"pos_rel":{"x":-1.6129629611968994,"y":-0.56574070453643799},"scale":{"x":2.8279221057891846,"y":2.8287036418914795},"scale_rel":{"x":2.8279221057891846,"y":2.8287036418914795},"bounds":{"x":0.0,"y":0.0},"bounds_rel":{"x":0.0,"y":0.0},"scale_filter":"disable","blend_method":"default","blend_type":"normal","show_transition":{"duration":0},"hide_transition":{"duration":0},"private_settings":{}},{"name":"Blackjack - Cards","source_uuid":"a5f8b608-8eb5-4b9a-9770-0faaf102bed2","visible":true,"locked":true,"rot":0.0,"scale_ref":{"x":1920.0,"y":1080.0},"align":0,"bounds_type":0,"bounds_align":0,"bounds_crop":false,"crop_left":0,"crop_top":0,"crop_right":0,"crop_bottom":0,"id":12,"group_item_backup":false,"pos":{"x":960.0,"y":540.0},"pos_rel":{"x":0.0,"y":0.0},"scale":{"x":1.0,"y":1.0},"scale_rel":{"x":1.0,"y":1.0},"bounds":{"x":800.0,"y":600.0},"bounds_rel":{"x":1.4814814329147339,"y":1.1111111640930176},"scale_filter":"disable","blend_method":"default","blend_type":"normal","show_transition":{"duration":0},"hide_transition":{"duration":0},"private_settings":{}}]},"mixers":0,"sync":0,"flags":0,"volume":1.0,"balance":0.5,"enabled":true,"muted":false,"push-to-mute":false,"push-to-mute-delay":0,"push-to-talk":false,"push-to-talk-delay":0,"hotkeys":{"OBSBasic.SelectScene":[],"libobs.show_scene_item.3":[],"libobs.hide_scene_item.3":[],"libobs.show_scene_item.13":[],"libobs.hide_scene_item.13":[],"libobs.show_scene_item.12":[],"libobs.hide_scene_item.12":[]},"deinterlace_mode":0,"deinterlace_field_order":0,"monitoring_type":0,"private_settings":{}}]}